-- phpMyAdmin SQL Dump
-- version 5.2.1
-- https://www.phpmyadmin.net/
--
-- Servidor: 127.0.0.1
-- Tiempo de generación: 20-12-2025 a las 08:58:24
-- Versión del servidor: 10.4.32-MariaDB
-- Versión de PHP: 8.2.12

SET SQL_MODE = "NO_AUTO_VALUE_ON_ZERO";
START TRANSACTION;
SET time_zone = "+00:00";


/*!40101 SET @OLD_CHARACTER_SET_CLIENT=@@CHARACTER_SET_CLIENT */;
/*!40101 SET @OLD_CHARACTER_SET_RESULTS=@@CHARACTER_SET_RESULTS */;
/*!40101 SET @OLD_COLLATION_CONNECTION=@@COLLATION_CONNECTION */;
/*!40101 SET NAMES utf8mb4 */;

--
-- Base de datos: `monitoreoitc`
--
CREATE DATABASE IF NOT EXISTS `monitoreoitc` DEFAULT CHARACTER SET utf8mb4 COLLATE utf8mb4_general_ci;
USE `monitoreoitc`;

-- --------------------------------------------------------

--
-- Estructura de tabla para la tabla `dispositivo`
--

CREATE TABLE `dispositivo` (
  `id_dispositivo` int(11) NOT NULL,
  `nombre_dispositivo` varchar(70) NOT NULL,
  `ip_actual` varchar(17) DEFAULT NULL,
  `id_tipo_fk` int(11) NOT NULL,
  `id_ubicacion_fk` int(11) NOT NULL
) ENGINE=InnoDB DEFAULT CHARSET=utf8mb4 COLLATE=utf8mb4_general_ci;

--
-- Volcado de datos para la tabla `dispositivo`
--

INSERT INTO `dispositivo` (`id_dispositivo`, `nombre_dispositivo`, `ip_actual`, `id_tipo_fk`, `id_ubicacion_fk`) VALUES
(1, 'AP Entrada torniquetes', '10.1.29.193', 2, 1),
(2, 'SW-001 Site', '10.1.29.196', 1, 2),
(3, 'SW-006 Vinculación', '10.1.29.197', 1, 3),
(4, 'SW-003 Administrativo PA', '10.1.29.199', 1, 4),
(5, 'SW-016 Edificio R', '10.1.29.201', 1, 5),
(6, 'SW-017 Edificio Q', '10.1.29.203', 1, 6),
(7, 'SW-012 Electromecanica', '10.1.29.204', 1, 7),
(8, 'SW-007 DEPI 1', '10.1.29.205', 1, 8),
(9, 'SW-018 Biblioteca', '10.1.29.206', 1, 10),
(10, 'SW-010 DEPI 2', '10.1.29.207', 1, 9),
(11, 'SW-009 Mantenimiento', '10.1.29.208', 1, 11),
(12, 'SW-005 Torre', '10.1.29.209', 1, 12),
(13, 'SW-013 Extraescolares', '10.1.29.210', 1, 13),
(14, 'SW-008 Mantenimiento', '10.1.29.211', 1, 11),
(15, 'SW-004 Caseta', '10.1.29.212', 1, 14),
(16, 'SW-015 Edificio O', '10.1.29.213', 1, 15),
(17, 'SW-002 Administrativo PB', '10.1.29.214', 1, 4),
(18, 'SW-020 Materiales', '10.1.29.215', 1, 16),
(19, 'SW-014 Edificio S', '10.1.29.219', 1, 17),
(20, 'AP-DOCENTES2 Edificio O', '10.1.29.221', 2, 15),
(21, 'AP-019 Administrativo PA', '10.1.29.223', 2, 4),
(22, 'AP-011 Edificio Q PA', '10.1.29.229', 2, 6),
(23, 'AP-015 Edificio O PA', '10.1.29.231', 2, 15),
(24, 'AP-025 Electromecánica', '10.1.29.234', 2, 7),
(25, 'AP-030 Vinculación', '10.1.29.235', 2, 3),
(26, 'AP-041 Sindicato', '10.1.29.241', 2, 18),
(27, 'AP-021 DEPI 2', '10.1.29.243', 2, 9),
(28, 'AP-018 Cesa', '10.1.29.245', 2, 19),
(29, 'AP DEPI 1', '10.1.29.246', 2, 8),
(30, 'AP-010 Edificio R PA', '10.1.29.247', 2, 5),
(32, 'AP-062', '10.1.29.195', 2, 15),
(33, 'AP-DOCENTES Edificio O', '10.1.29.198', 2, 15),
(34, 'AP-065', '10.1.29.216', 2, 15),
(36, 'AP-069', '10.1.29.222', 2, 5),
(37, 'AP-070', '10.1.29.225', 2, 5),
(38, 'AP-071', '10.1.29.226', 2, 5),
(39, 'AP-072', '10.1.29.230', 2, 5),
(40, 'AP-073', '10.1.29.236', 2, 5),
(41, 'AP-074', '10.1.29.237', 2, 5),
(42, 'AP-075', '10.1.29.238', 2, 5),
(43, 'AP-076', '10.1.29.239', 2, 15),
(44, 'AP-077', '10.1.29.240', 2, 15),
(45, 'AP-078', '10.1.29.244', 2, 15),
(47, 'AP-080', '10.1.29.248', 2, 15),
(48, 'AP-081', '10.1.29.250', 2, 15),
(49, 'AP DOCENTES Edificio Q', '10.1.29.252', 2, 6),
(50, 'AP DOCENTES Edificio Q PA', '10.1.29.253', 2, 6);

-- --------------------------------------------------------

--
-- Estructura de tabla para la tabla `evento`
--

CREATE TABLE `evento` (
  `id_eveto` int(11) NOT NULL,
  `id_dispositivo_fk` int(11) NOT NULL,
  `tipo_alerta` varchar(70) DEFAULT NULL,
  `descripcion` text DEFAULT NULL,
  `fecha` datetime DEFAULT NULL,
  `resuelto` tinyint(1) DEFAULT 0
) ENGINE=InnoDB DEFAULT CHARSET=utf8mb4 COLLATE=utf8mb4_general_ci;

--
-- Volcado de datos para la tabla `evento`
--

INSERT INTO `evento` (`id_eveto`, `id_dispositivo_fk`, `tipo_alerta`, `descripcion`, `fecha`, `resuelto`) VALUES
(336, 18, 'Estado Normal', 'El dispositivo se encuentra estable en la red. Latencia: 1 ms, Perdidas: 0.0%', '2025-12-17 11:30:13', 0),
(337, 19, 'Estado Normal', 'El dispositivo se encuentra estable en la red. Latencia: 0 ms, Perdidas: 0.0%', '2025-12-17 11:30:17', 0),
(338, 20, 'Estado Normal', 'El dispositivo se encuentra estable en la red. Latencia: 0 ms, Perdidas: 0.0%', '2025-12-17 11:30:20', 0),
(339, 21, 'Estado Normal', 'El dispositivo se encuentra estable en la red. Latencia: 0 ms, Perdidas: 0.0%', '2025-12-17 11:30:24', 0),
(340, 22, 'Estado Normal', 'El dispositivo se encuentra estable en la red. Latencia: 0 ms, Perdidas: 0.0%', '2025-12-17 11:30:28', 0),
(342, 1, 'Estado Normal', 'El dispositivo se encuentra estable en la red. Latencia: 0 ms, Perdidas: 0.0%', '2025-12-17 11:31:08', 0),
(343, 2, 'Estado Normal', 'El dispositivo se encuentra estable en la red. Latencia: 1 ms, Perdidas: 0.0%', '2025-12-17 11:31:11', 0),
(344, 3, 'Estado Normal', 'El dispositivo se encuentra estable en la red. Latencia: 0 ms, Perdidas: 0.0%', '2025-12-17 11:31:15', 0),
(345, 4, 'Estado Normal', 'El dispositivo se encuentra estable en la red. Latencia: 0 ms, Perdidas: 0.0%', '2025-12-17 11:31:18', 0),
(346, 5, 'Estado Normal', 'El dispositivo se encuentra estable en la red. Latencia: 1 ms, Perdidas: 0.0%', '2025-12-17 11:31:22', 0),
(347, 6, 'Estado Normal', 'El dispositivo se encuentra estable en la red. Latencia: 1 ms, Perdidas: 0.0%', '2025-12-17 11:31:25', 0),
(348, 7, 'Estado Normal', 'El dispositivo se encuentra estable en la red. Latencia: 1 ms, Perdidas: 0.0%', '2025-12-17 11:31:29', 0),
(349, 8, 'Estado Normal', 'El dispositivo se encuentra estable en la red. Latencia: 0 ms, Perdidas: 0.0%', '2025-12-17 11:31:33', 0),
(350, 9, 'Estado Normal', 'El dispositivo se encuentra estable en la red. Latencia: 1 ms, Perdidas: 0.0%', '2025-12-17 11:31:36', 0),
(351, 10, 'Estado Normal', 'El dispositivo se encuentra estable en la red. Latencia: 1 ms, Perdidas: 0.0%', '2025-12-17 11:31:39', 0),
(352, 11, 'Estado Normal', 'El dispositivo se encuentra estable en la red. Latencia: 3 ms, Perdidas: 0.0%', '2025-12-17 11:31:43', 0),
(353, 12, 'Estado Normal', 'El dispositivo se encuentra estable en la red. Latencia: 1 ms, Perdidas: 0.0%', '2025-12-17 11:31:47', 0),
(354, 13, 'Estado Normal', 'El dispositivo se encuentra estable en la red. Latencia: 1 ms, Perdidas: 0.0%', '2025-12-17 11:31:51', 0),
(355, 14, 'Estado Normal', 'El dispositivo se encuentra estable en la red. Latencia: 1 ms, Perdidas: 0.0%', '2025-12-17 11:31:54', 0),
(356, 15, 'Estado Crítico', 'Condición crítica detectada en el dispositivo. Posible congestión, falla de red o indisponibilidad. Latencia: 0 ms, Perdidas de paquetes: 75.0%', '2025-12-17 11:32:00', 0),
(357, 16, 'Estado Normal', 'El dispositivo se encuentra estable en la red. Latencia: 1 ms, Perdidas: 0.0%', '2025-12-17 11:32:03', 0),
(358, 17, 'Estado Normal', 'El dispositivo se encuentra estable en la red. Latencia: 0 ms, Perdidas: 0.0%', '2025-12-17 11:32:07', 0),
(359, 18, 'Estado Normal', 'El dispositivo se encuentra estable en la red. Latencia: 1 ms, Perdidas: 0.0%', '2025-12-17 11:32:10', 0),
(360, 19, 'Estado Normal', 'El dispositivo se encuentra estable en la red. Latencia: 0 ms, Perdidas: 0.0%', '2025-12-17 11:32:13', 0),
(361, 20, 'Estado Normal', 'El dispositivo se encuentra estable en la red. Latencia: 0 ms, Perdidas: 0.0%', '2025-12-17 11:32:17', 0),
(362, 21, 'Estado Normal', 'El dispositivo se encuentra estable en la red. Latencia: 0 ms, Perdidas: 0.0%', '2025-12-17 11:32:20', 0),
(363, 22, 'Estado Normal', 'El dispositivo se encuentra estable en la red. Latencia: 0 ms, Perdidas: 0.0%', '2025-12-17 11:32:24', 0),
(364, 23, 'Estado Normal', 'El dispositivo se encuentra estable en la red. Latencia: 0 ms, Perdidas: 0.0%', '2025-12-17 11:32:27', 0),
(365, 24, 'Estado Normal', 'El dispositivo se encuentra estable en la red. Latencia: 0 ms, Perdidas: 0.0%', '2025-12-17 11:32:30', 0),
(366, 25, 'Estado Normal', 'El dispositivo se encuentra estable en la red. Latencia: 0 ms, Perdidas: 0.0%', '2025-12-17 11:32:34', 0),
(367, 26, 'Estado Normal', 'El dispositivo se encuentra estable en la red. Latencia: 0 ms, Perdidas: 0.0%', '2025-12-17 11:32:37', 0),
(368, 27, 'Estado Normal', 'El dispositivo se encuentra estable en la red. Latencia: 0 ms, Perdidas: 0.0%', '2025-12-17 11:32:41', 0),
(369, 28, 'Estado Crítico', 'Condición crítica detectada en el dispositivo. Posible congestión, falla de red o indisponibilidad. Latencia: 0 ms, Perdidas de paquetes: 50.0%', '2025-12-17 11:32:47', 0),
(370, 29, 'Estado Normal', 'El dispositivo se encuentra estable en la red. Latencia: 0 ms, Perdidas: 0.0%', '2025-12-17 11:32:50', 0),
(371, 30, 'Estado Normal', 'El dispositivo se encuentra estable en la red. Latencia: 2 ms, Perdidas: 0.0%', '2025-12-17 11:32:54', 0),
(372, 32, 'Estado Normal', 'El dispositivo se encuentra estable en la red. Latencia: 0 ms, Perdidas: 0.0%', '2025-12-17 11:33:02', 0),
(373, 33, 'Estado Normal', 'El dispositivo se encuentra estable en la red. Latencia: 0 ms, Perdidas: 0.0%', '2025-12-17 11:33:05', 0),
(374, 34, 'Estado Normal', 'El dispositivo se encuentra estable en la red. Latencia: 0 ms, Perdidas: 0.0%', '2025-12-17 11:33:09', 0),
(375, 36, 'Estado Normal', 'El dispositivo se encuentra estable en la red. Latencia: 0 ms, Perdidas: 0.0%', '2025-12-17 11:33:13', 0),
(376, 37, 'Estado Normal', 'El dispositivo se encuentra estable en la red. Latencia: 0 ms, Perdidas: 0.0%', '2025-12-17 11:33:17', 0),
(377, 38, 'Estado Normal', 'El dispositivo se encuentra estable en la red. Latencia: 0 ms, Perdidas: 0.0%', '2025-12-17 11:33:20', 0),
(378, 39, 'Estado Normal', 'El dispositivo se encuentra estable en la red. Latencia: 0 ms, Perdidas: 0.0%', '2025-12-17 11:33:24', 0),
(379, 40, 'Estado Normal', 'El dispositivo se encuentra estable en la red. Latencia: 0 ms, Perdidas: 0.0%', '2025-12-17 11:33:27', 0),
(380, 41, 'Estado Normal', 'El dispositivo se encuentra estable en la red. Latencia: 0 ms, Perdidas: 0.0%', '2025-12-17 11:33:30', 0),
(381, 42, 'Estado Crítico', 'Condición crítica detectada en el dispositivo. Posible congestión, falla de red o indisponibilidad. Latencia: 0 ms, Perdidas de paquetes: 50.0%', '2025-12-17 11:33:36', 0),
(382, 43, 'Estado Normal', 'El dispositivo se encuentra estable en la red. Latencia: 0 ms, Perdidas: 0.0%', '2025-12-17 11:33:39', 0),
(383, 44, 'Estado Normal', 'El dispositivo se encuentra estable en la red. Latencia: 0 ms, Perdidas: 0.0%', '2025-12-17 11:33:43', 0),
(384, 45, 'Estado Normal', 'El dispositivo se encuentra estable en la red. Latencia: 0 ms, Perdidas: 0.0%', '2025-12-17 11:33:46', 0),
(385, 47, 'Estado Normal', 'El dispositivo se encuentra estable en la red. Latencia: 0 ms, Perdidas: 0.0%', '2025-12-17 11:33:49', 0),
(386, 48, 'Estado Normal', 'El dispositivo se encuentra estable en la red. Latencia: 0 ms, Perdidas: 0.0%', '2025-12-17 11:33:52', 0),
(387, 49, 'Estado Normal', 'El dispositivo se encuentra estable en la red. Latencia: 0 ms, Perdidas: 0.0%', '2025-12-17 11:33:56', 0),
(388, 50, 'Estado Normal', 'El dispositivo se encuentra estable en la red. Latencia: 0 ms, Perdidas: 0.0%', '2025-12-17 11:33:59', 0),
(389, 1, 'Estado Normal', 'El dispositivo se encuentra estable en la red. Latencia: 1 ms, Perdidas: 0.0%', '2025-12-17 11:44:02', 0),
(390, 2, 'Estado Normal', 'El dispositivo se encuentra estable en la red. Latencia: 1 ms, Perdidas: 0.0%', '2025-12-17 11:44:05', 0),
(391, 3, 'Estado Normal', 'El dispositivo se encuentra estable en la red. Latencia: 2 ms, Perdidas: 0.0%', '2025-12-17 11:44:08', 0),
(392, 4, 'Estado Normal', 'El dispositivo se encuentra estable en la red. Latencia: 1 ms, Perdidas: 0.0%', '2025-12-17 11:44:12', 0),
(393, 5, 'Estado Normal', 'El dispositivo se encuentra estable en la red. Latencia: 2 ms, Perdidas: 0.0%', '2025-12-17 11:44:15', 0),
(394, 6, 'Estado Normal', 'El dispositivo se encuentra estable en la red. Latencia: 3 ms, Perdidas: 0.0%', '2025-12-17 11:44:18', 0),
(395, 7, 'Estado Normal', 'El dispositivo se encuentra estable en la red. Latencia: 3 ms, Perdidas: 0.0%', '2025-12-17 11:44:21', 0),
(396, 8, 'Estado Normal', 'El dispositivo se encuentra estable en la red. Latencia: 1 ms, Perdidas: 0.0%', '2025-12-17 11:44:25', 0),
(397, 9, 'Estado Normal', 'El dispositivo se encuentra estable en la red. Latencia: 2 ms, Perdidas: 0.0%', '2025-12-17 11:44:28', 0),
(398, 10, 'Estado Normal', 'El dispositivo se encuentra estable en la red. Latencia: 2 ms, Perdidas: 0.0%', '2025-12-17 11:44:31', 0),
(399, 11, 'Estado Normal', 'El dispositivo se encuentra estable en la red. Latencia: 1 ms, Perdidas: 0.0%', '2025-12-17 11:44:34', 0),
(400, 12, 'Estado Normal', 'El dispositivo se encuentra estable en la red. Latencia: 1 ms, Perdidas: 0.0%', '2025-12-17 11:44:37', 0),
(401, 13, 'Estado Normal', 'El dispositivo se encuentra estable en la red. Latencia: 2 ms, Perdidas: 0.0%', '2025-12-17 11:44:41', 0),
(402, 14, 'Estado Normal', 'El dispositivo se encuentra estable en la red. Latencia: 1 ms, Perdidas: 0.0%', '2025-12-17 11:44:44', 0),
(403, 15, 'Estado Crítico', 'Condición crítica detectada en el dispositivo. Posible congestión, falla de red o indisponibilidad. Latencia: 0 ms, Perdidas de paquetes: 75.0%', '2025-12-17 11:44:50', 0),
(404, 16, 'Estado Normal', 'El dispositivo se encuentra estable en la red. Latencia: 3 ms, Perdidas: 0.0%', '2025-12-17 11:44:53', 0),
(405, 17, 'Estado Normal', 'El dispositivo se encuentra estable en la red. Latencia: 1 ms, Perdidas: 0.0%', '2025-12-17 11:44:56', 0),
(406, 18, 'Estado Normal', 'El dispositivo se encuentra estable en la red. Latencia: 1 ms, Perdidas: 0.0%', '2025-12-17 11:44:59', 0),
(407, 19, 'Estado Normal', 'El dispositivo se encuentra estable en la red. Latencia: 1 ms, Perdidas: 0.0%', '2025-12-17 11:45:03', 0),
(408, 20, 'Estado Normal', 'El dispositivo se encuentra estable en la red. Latencia: 0 ms, Perdidas: 0.0%', '2025-12-17 11:45:06', 0),
(409, 21, 'Estado Normal', 'El dispositivo se encuentra estable en la red. Latencia: 0 ms, Perdidas: 0.0%', '2025-12-17 11:45:09', 0),
(410, 22, 'Estado Normal', 'El dispositivo se encuentra estable en la red. Latencia: 0 ms, Perdidas: 0.0%', '2025-12-17 11:45:14', 0),
(411, 23, 'Estado Normal', 'El dispositivo se encuentra estable en la red. Latencia: 0 ms, Perdidas: 0.0%', '2025-12-17 11:45:18', 0),
(412, 24, 'Estado Normal', 'El dispositivo se encuentra estable en la red. Latencia: 1 ms, Perdidas: 0.0%', '2025-12-17 11:45:21', 0),
(413, 25, 'Estado Normal', 'El dispositivo se encuentra estable en la red. Latencia: 0 ms, Perdidas: 0.0%', '2025-12-17 11:45:24', 0),
(414, 26, 'Estado Normal', 'El dispositivo se encuentra estable en la red. Latencia: 0 ms, Perdidas: 0.0%', '2025-12-17 11:45:27', 0),
(415, 27, 'Estado Normal', 'El dispositivo se encuentra estable en la red. Latencia: 0 ms, Perdidas: 0.0%', '2025-12-17 11:45:31', 0),
(416, 28, 'Estado Crítico', 'Condición crítica detectada en el dispositivo. Posible congestión, falla de red o indisponibilidad. Latencia: 0 ms, Perdidas de paquetes: 75.0%', '2025-12-17 11:45:37', 0),
(417, 29, 'Estado Normal', 'El dispositivo se encuentra estable en la red. Latencia: 0 ms, Perdidas: 0.0%', '2025-12-17 11:45:42', 0),
(418, 30, 'Estado Normal', 'El dispositivo se encuentra estable en la red. Latencia: 3 ms, Perdidas: 0.0%', '2025-12-17 11:45:45', 0),
(419, 32, 'Estado Normal', 'El dispositivo se encuentra estable en la red. Latencia: 0 ms, Perdidas: 0.0%', '2025-12-17 11:45:48', 0),
(420, 33, 'Estado Normal', 'El dispositivo se encuentra estable en la red. Latencia: 0 ms, Perdidas: 0.0%', '2025-12-17 11:45:52', 0),
(421, 34, 'Estado Normal', 'El dispositivo se encuentra estable en la red. Latencia: 0 ms, Perdidas: 0.0%', '2025-12-17 11:45:55', 0),
(422, 36, 'Estado Normal', 'El dispositivo se encuentra estable en la red. Latencia: 1 ms, Perdidas: 0.0%', '2025-12-17 11:45:58', 0),
(423, 37, 'Estado Normal', 'El dispositivo se encuentra estable en la red. Latencia: 0 ms, Perdidas: 0.0%', '2025-12-17 11:46:01', 0),
(424, 38, 'Estado Normal', 'El dispositivo se encuentra estable en la red. Latencia: 0 ms, Perdidas: 0.0%', '2025-12-17 11:46:05', 0),
(425, 39, 'Estado Normal', 'El dispositivo se encuentra estable en la red. Latencia: 0 ms, Perdidas: 0.0%', '2025-12-17 11:46:08', 0),
(426, 40, 'Estado Normal', 'El dispositivo se encuentra estable en la red. Latencia: 0 ms, Perdidas: 0.0%', '2025-12-17 11:46:11', 0),
(427, 41, 'Estado Normal', 'El dispositivo se encuentra estable en la red. Latencia: 0 ms, Perdidas: 0.0%', '2025-12-17 11:46:15', 0),
(428, 42, 'Estado Crítico', 'Condición crítica detectada en el dispositivo. Posible congestión, falla de red o indisponibilidad. Latencia: 0 ms, Perdidas de paquetes: 75.0%', '2025-12-17 11:46:20', 0),
(429, 43, 'Estado Normal', 'El dispositivo se encuentra estable en la red. Latencia: 0 ms, Perdidas: 0.0%', '2025-12-17 11:46:24', 0),
(430, 44, 'Estado Normal', 'El dispositivo se encuentra estable en la red. Latencia: 1 ms, Perdidas: 0.0%', '2025-12-17 11:46:27', 0),
(431, 45, 'Estado Normal', 'El dispositivo se encuentra estable en la red. Latencia: 0 ms, Perdidas: 0.0%', '2025-12-17 11:46:30', 0),
(432, 47, 'Estado Normal', 'El dispositivo se encuentra estable en la red. Latencia: 0 ms, Perdidas: 0.0%', '2025-12-17 11:46:33', 0),
(433, 48, 'Estado Normal', 'El dispositivo se encuentra estable en la red. Latencia: 1 ms, Perdidas: 0.0%', '2025-12-17 11:46:36', 0),
(434, 49, 'Estado Normal', 'El dispositivo se encuentra estable en la red. Latencia: 0 ms, Perdidas: 0.0%', '2025-12-17 11:46:40', 0),
(435, 50, 'Estado Normal', 'El dispositivo se encuentra estable en la red. Latencia: 0 ms, Perdidas: 0.0%', '2025-12-17 11:46:43', 0),
(436, 1, 'Estado Normal', 'El dispositivo se encuentra estable en la red. Latencia: 1 ms, Perdidas: 0.0%', '2025-12-17 11:56:46', 0),
(437, 2, 'Estado Normal', 'El dispositivo se encuentra estable en la red. Latencia: 1 ms, Perdidas: 0.0%', '2025-12-17 11:56:49', 0),
(438, 3, 'Estado Normal', 'El dispositivo se encuentra estable en la red. Latencia: 1 ms, Perdidas: 0.0%', '2025-12-17 11:56:53', 0),
(439, 4, 'Estado Normal', 'El dispositivo se encuentra estable en la red. Latencia: 2 ms, Perdidas: 0.0%', '2025-12-17 11:56:56', 0),
(440, 5, 'Estado Normal', 'El dispositivo se encuentra estable en la red. Latencia: 3 ms, Perdidas: 0.0%', '2025-12-17 11:56:59', 0),
(441, 6, 'Estado Normal', 'El dispositivo se encuentra estable en la red. Latencia: 2 ms, Perdidas: 0.0%', '2025-12-17 11:57:02', 0),
(442, 7, 'Estado Normal', 'El dispositivo se encuentra estable en la red. Latencia: 2 ms, Perdidas: 0.0%', '2025-12-17 11:57:05', 0),
(443, 8, 'Estado Normal', 'El dispositivo se encuentra estable en la red. Latencia: 1 ms, Perdidas: 0.0%', '2025-12-17 11:57:08', 0),
(444, 9, 'Estado Normal', 'El dispositivo se encuentra estable en la red. Latencia: 2 ms, Perdidas: 0.0%', '2025-12-17 11:57:12', 0),
(445, 10, 'Estado Normal', 'El dispositivo se encuentra estable en la red. Latencia: 3 ms, Perdidas: 0.0%', '2025-12-17 11:57:15', 0),
(446, 11, 'Estado Normal', 'El dispositivo se encuentra estable en la red. Latencia: 1 ms, Perdidas: 0.0%', '2025-12-17 11:57:18', 0),
(447, 12, 'Estado Normal', 'El dispositivo se encuentra estable en la red. Latencia: 0 ms, Perdidas: 0.0%', '2025-12-17 11:57:21', 0),
(448, 13, 'Estado Normal', 'El dispositivo se encuentra estable en la red. Latencia: 5 ms, Perdidas: 0.0%', '2025-12-17 11:57:25', 0),
(449, 14, 'Estado Normal', 'El dispositivo se encuentra estable en la red. Latencia: 1 ms, Perdidas: 0.0%', '2025-12-17 11:57:28', 0),
(450, 15, 'Estado Crítico', 'Condición crítica detectada en el dispositivo. Posible congestión, falla de red o indisponibilidad. Latencia: 0 ms, Perdidas de paquetes: 75.0%', '2025-12-17 11:57:34', 0),
(451, 16, 'Estado Normal', 'El dispositivo se encuentra estable en la red. Latencia: 2 ms, Perdidas: 0.0%', '2025-12-17 11:57:37', 0),
(452, 17, 'Estado Normal', 'El dispositivo se encuentra estable en la red. Latencia: 3 ms, Perdidas: 0.0%', '2025-12-17 11:57:40', 0),
(453, 18, 'Estado Normal', 'El dispositivo se encuentra estable en la red. Latencia: 1 ms, Perdidas: 0.0%', '2025-12-17 11:57:44', 0),
(454, 19, 'Estado Normal', 'El dispositivo se encuentra estable en la red. Latencia: 0 ms, Perdidas: 0.0%', '2025-12-17 11:57:47', 0),
(455, 20, 'Estado Normal', 'El dispositivo se encuentra estable en la red. Latencia: 0 ms, Perdidas: 0.0%', '2025-12-17 11:57:50', 0),
(456, 21, 'Estado Normal', 'El dispositivo se encuentra estable en la red. Latencia: 0 ms, Perdidas: 0.0%', '2025-12-17 11:57:53', 0),
(457, 22, 'Estado Normal', 'El dispositivo se encuentra estable en la red. Latencia: 0 ms, Perdidas: 0.0%', '2025-12-17 11:57:56', 0),
(458, 23, 'Estado Normal', 'El dispositivo se encuentra estable en la red. Latencia: 0 ms, Perdidas: 0.0%', '2025-12-17 11:58:00', 0),
(459, 24, 'Estado Normal', 'El dispositivo se encuentra estable en la red. Latencia: 1 ms, Perdidas: 0.0%', '2025-12-17 11:58:03', 0),
(460, 25, 'Estado Normal', 'El dispositivo se encuentra estable en la red. Latencia: 0 ms, Perdidas: 0.0%', '2025-12-17 11:58:06', 0),
(461, 26, 'Estado Normal', 'El dispositivo se encuentra estable en la red. Latencia: 0 ms, Perdidas: 0.0%', '2025-12-17 11:58:09', 0),
(462, 27, 'Estado Normal', 'El dispositivo se encuentra estable en la red. Latencia: 0 ms, Perdidas: 0.0%', '2025-12-17 11:58:12', 0),
(463, 28, 'Estado Crítico', 'Condición crítica detectada en el dispositivo. Posible congestión, falla de red o indisponibilidad. Latencia: 0 ms, Perdidas de paquetes: 75.0%', '2025-12-17 11:58:18', 0),
(464, 29, 'Estado Normal', 'El dispositivo se encuentra estable en la red. Latencia: 0 ms, Perdidas: 0.0%', '2025-12-17 11:58:22', 0),
(465, 30, 'Estado Normal', 'El dispositivo se encuentra estable en la red. Latencia: 4 ms, Perdidas: 0.0%', '2025-12-17 11:58:25', 0),
(466, 32, 'Estado Normal', 'El dispositivo se encuentra estable en la red. Latencia: 0 ms, Perdidas: 0.0%', '2025-12-17 11:58:28', 0),
(467, 33, 'Estado Normal', 'El dispositivo se encuentra estable en la red. Latencia: 0 ms, Perdidas: 0.0%', '2025-12-17 11:58:31', 0),
(468, 34, 'Estado Normal', 'El dispositivo se encuentra estable en la red. Latencia: 0 ms, Perdidas: 0.0%', '2025-12-17 11:58:34', 0),
(469, 36, 'Estado Normal', 'El dispositivo se encuentra estable en la red. Latencia: 0 ms, Perdidas: 0.0%', '2025-12-17 11:58:38', 0),
(470, 37, 'Estado Normal', 'El dispositivo se encuentra estable en la red. Latencia: 0 ms, Perdidas: 0.0%', '2025-12-17 11:58:41', 0),
(471, 38, 'Estado Normal', 'El dispositivo se encuentra estable en la red. Latencia: 0 ms, Perdidas: 0.0%', '2025-12-17 11:58:44', 0),
(472, 39, 'Estado Normal', 'El dispositivo se encuentra estable en la red. Latencia: 0 ms, Perdidas: 0.0%', '2025-12-17 11:58:47', 0),
(473, 40, 'Estado Normal', 'El dispositivo se encuentra estable en la red. Latencia: 0 ms, Perdidas: 0.0%', '2025-12-17 11:58:51', 0),
(474, 41, 'Estado Normal', 'El dispositivo se encuentra estable en la red. Latencia: 0 ms, Perdidas: 0.0%', '2025-12-17 11:58:54', 0),
(475, 42, 'Estado Crítico', 'Condición crítica detectada en el dispositivo. Posible congestión, falla de red o indisponibilidad. Latencia: 0 ms, Perdidas de paquetes: 75.0%', '2025-12-17 11:59:00', 0),
(476, 43, 'Estado Normal', 'El dispositivo se encuentra estable en la red. Latencia: 0 ms, Perdidas: 0.0%', '2025-12-17 11:59:04', 0),
(477, 44, 'Estado Normal', 'El dispositivo se encuentra estable en la red. Latencia: 0 ms, Perdidas: 0.0%', '2025-12-17 11:59:07', 0),
(478, 45, 'Estado Normal', 'El dispositivo se encuentra estable en la red. Latencia: 0 ms, Perdidas: 0.0%', '2025-12-17 11:59:11', 0),
(479, 47, 'Estado Normal', 'El dispositivo se encuentra estable en la red. Latencia: 0 ms, Perdidas: 0.0%', '2025-12-17 11:59:14', 0),
(480, 48, 'Estado Normal', 'El dispositivo se encuentra estable en la red. Latencia: 1 ms, Perdidas: 0.0%', '2025-12-17 11:59:17', 0),
(481, 49, 'Estado Normal', 'El dispositivo se encuentra estable en la red. Latencia: 0 ms, Perdidas: 0.0%', '2025-12-17 11:59:20', 0),
(482, 50, 'Estado Normal', 'El dispositivo se encuentra estable en la red. Latencia: 0 ms, Perdidas: 0.0%', '2025-12-17 11:59:24', 0),
(483, 1, 'Estado Normal', 'El dispositivo se encuentra estable en la red. Latencia: 0 ms, Perdidas: 0.0%', '2025-12-17 12:09:27', 0),
(484, 2, 'Estado Normal', 'El dispositivo se encuentra estable en la red. Latencia: 1 ms, Perdidas: 0.0%', '2025-12-17 12:09:30', 0),
(485, 3, 'Estado Normal', 'El dispositivo se encuentra estable en la red. Latencia: 3 ms, Perdidas: 0.0%', '2025-12-17 12:09:33', 0),
(486, 4, 'Estado Normal', 'El dispositivo se encuentra estable en la red. Latencia: 1 ms, Perdidas: 0.0%', '2025-12-17 12:09:36', 0),
(487, 5, 'Estado Normal', 'El dispositivo se encuentra estable en la red. Latencia: 2 ms, Perdidas: 0.0%', '2025-12-17 12:09:40', 0),
(488, 6, 'Estado Normal', 'El dispositivo se encuentra estable en la red. Latencia: 2 ms, Perdidas: 0.0%', '2025-12-17 12:09:43', 0),
(489, 7, 'Estado Normal', 'El dispositivo se encuentra estable en la red. Latencia: 2 ms, Perdidas: 0.0%', '2025-12-17 12:09:46', 0),
(490, 8, 'Estado Normal', 'El dispositivo se encuentra estable en la red. Latencia: 1 ms, Perdidas: 0.0%', '2025-12-17 12:09:49', 0),
(491, 9, 'Estado Normal', 'El dispositivo se encuentra estable en la red. Latencia: 2 ms, Perdidas: 0.0%', '2025-12-17 12:09:53', 0),
(492, 10, 'Estado Normal', 'El dispositivo se encuentra estable en la red. Latencia: 2 ms, Perdidas: 0.0%', '2025-12-17 12:09:56', 0),
(493, 11, 'Estado Normal', 'El dispositivo se encuentra estable en la red. Latencia: 1 ms, Perdidas: 0.0%', '2025-12-17 12:09:59', 0),
(494, 12, 'Estado Normal', 'El dispositivo se encuentra estable en la red. Latencia: 2 ms, Perdidas: 0.0%', '2025-12-17 12:10:02', 0),
(495, 13, 'Estado Normal', 'El dispositivo se encuentra estable en la red. Latencia: 2 ms, Perdidas: 0.0%', '2025-12-17 12:10:06', 0),
(496, 14, 'Estado Normal', 'El dispositivo se encuentra estable en la red. Latencia: 1 ms, Perdidas: 0.0%', '2025-12-17 12:10:09', 0),
(497, 15, 'Estado Crítico', 'Condición crítica detectada en el dispositivo. Posible congestión, falla de red o indisponibilidad. Latencia: 0 ms, Perdidas de paquetes: 75.0%', '2025-12-17 12:10:15', 0),
(498, 16, 'Estado Normal', 'El dispositivo se encuentra estable en la red. Latencia: 2 ms, Perdidas: 0.0%', '2025-12-17 12:10:18', 0),
(499, 17, 'Estado Normal', 'El dispositivo se encuentra estable en la red. Latencia: 2 ms, Perdidas: 0.0%', '2025-12-17 12:10:21', 0),
(500, 18, 'Estado Normal', 'El dispositivo se encuentra estable en la red. Latencia: 1 ms, Perdidas: 0.0%', '2025-12-17 12:10:25', 0),
(501, 19, 'Estado Normal', 'El dispositivo se encuentra estable en la red. Latencia: 2 ms, Perdidas: 0.0%', '2025-12-17 12:10:28', 0),
(502, 20, 'Estado Normal', 'El dispositivo se encuentra estable en la red. Latencia: 0 ms, Perdidas: 0.0%', '2025-12-17 12:10:31', 0),
(503, 21, 'Estado Normal', 'El dispositivo se encuentra estable en la red. Latencia: 0 ms, Perdidas: 0.0%', '2025-12-17 12:10:34', 0),
(504, 22, 'Estado Normal', 'El dispositivo se encuentra estable en la red. Latencia: 0 ms, Perdidas: 0.0%', '2025-12-17 12:10:38', 0),
(505, 23, 'Estado Normal', 'El dispositivo se encuentra estable en la red. Latencia: 0 ms, Perdidas: 0.0%', '2025-12-17 12:10:41', 0),
(506, 24, 'Estado Normal', 'El dispositivo se encuentra estable en la red. Latencia: 0 ms, Perdidas: 0.0%', '2025-12-17 12:10:44', 0),
(507, 25, 'Estado Normal', 'El dispositivo se encuentra estable en la red. Latencia: 0 ms, Perdidas: 0.0%', '2025-12-17 12:10:48', 0),
(508, 26, 'Estado Normal', 'El dispositivo se encuentra estable en la red. Latencia: 0 ms, Perdidas: 0.0%', '2025-12-17 12:10:51', 0),
(509, 27, 'Estado Normal', 'El dispositivo se encuentra estable en la red. Latencia: 0 ms, Perdidas: 0.0%', '2025-12-17 12:10:55', 0),
(510, 28, 'Estado Crítico', 'Condición crítica detectada en el dispositivo. Posible congestión, falla de red o indisponibilidad. Latencia: 0 ms, Perdidas de paquetes: 75.0%', '2025-12-17 12:11:00', 0),
(511, 29, 'Estado Normal', 'El dispositivo se encuentra estable en la red. Latencia: 0 ms, Perdidas: 0.0%', '2025-12-17 12:11:04', 0),
(512, 30, 'Estado Normal', 'El dispositivo se encuentra estable en la red. Latencia: 2 ms, Perdidas: 0.0%', '2025-12-17 12:11:07', 0),
(513, 32, 'Estado Normal', 'El dispositivo se encuentra estable en la red. Latencia: 0 ms, Perdidas: 0.0%', '2025-12-17 12:11:10', 0),
(514, 33, 'Estado Normal', 'El dispositivo se encuentra estable en la red. Latencia: 0 ms, Perdidas: 0.0%', '2025-12-17 12:11:13', 0),
(515, 34, 'Estado Normal', 'El dispositivo se encuentra estable en la red. Latencia: 0 ms, Perdidas: 0.0%', '2025-12-17 12:11:17', 0),
(516, 36, 'Estado Normal', 'El dispositivo se encuentra estable en la red. Latencia: 0 ms, Perdidas: 0.0%', '2025-12-17 12:11:20', 0),
(517, 37, 'Estado Normal', 'El dispositivo se encuentra estable en la red. Latencia: 0 ms, Perdidas: 0.0%', '2025-12-17 12:11:23', 0),
(518, 38, 'Estado Normal', 'El dispositivo se encuentra estable en la red. Latencia: 0 ms, Perdidas: 0.0%', '2025-12-17 12:11:26', 0),
(520, 40, 'Estado Normal', 'El dispositivo se encuentra estable en la red. Latencia: 0 ms, Perdidas: 0.0%', '2025-12-17 12:11:33', 0),
(521, 41, 'Estado Normal', 'El dispositivo se encuentra estable en la red. Latencia: 1 ms, Perdidas: 0.0%', '2025-12-17 12:11:36', 0),
(523, 43, 'Estado Normal', 'El dispositivo se encuentra estable en la red. Latencia: 0 ms, Perdidas: 0.0%', '2025-12-17 12:11:45', 0),
(524, 44, 'Estado Normal', 'El dispositivo se encuentra estable en la red. Latencia: 0 ms, Perdidas: 0.0%', '2025-12-17 12:11:49', 0),
(525, 45, 'Estado Normal', 'El dispositivo se encuentra estable en la red. Latencia: 0 ms, Perdidas: 0.0%', '2025-12-17 12:11:52', 0),
(526, 47, 'Estado Normal', 'El dispositivo se encuentra estable en la red. Latencia: 0 ms, Perdidas: 0.0%', '2025-12-17 12:11:55', 0),
(528, 49, 'Estado Normal', 'El dispositivo se encuentra estable en la red. Latencia: 0 ms, Perdidas: 0.0%', '2025-12-17 12:12:02', 0),
(529, 50, 'Estado Normal', 'El dispositivo se encuentra estable en la red. Latencia: 0 ms, Perdidas: 0.0%', '2025-12-17 12:12:05', 0),
(530, 1, 'Estado Normal', 'El dispositivo se encuentra estable en la red. Latencia: 0 ms, Perdidas: 0.0%', '2025-12-17 12:22:08', 0),
(531, 2, 'Estado Normal', 'El dispositivo se encuentra estable en la red. Latencia: 1 ms, Perdidas: 0.0%', '2025-12-17 12:22:11', 0),
(532, 3, 'Estado Normal', 'El dispositivo se encuentra estable en la red. Latencia: 2 ms, Perdidas: 0.0%', '2025-12-17 12:22:15', 0),
(533, 4, 'Estado Normal', 'El dispositivo se encuentra estable en la red. Latencia: 2 ms, Perdidas: 0.0%', '2025-12-17 12:22:18', 0),
(534, 5, 'Estado Normal', 'El dispositivo se encuentra estable en la red. Latencia: 3 ms, Perdidas: 0.0%', '2025-12-17 12:22:21', 0),
(535, 6, 'Estado Normal', 'El dispositivo se encuentra estable en la red. Latencia: 3 ms, Perdidas: 0.0%', '2025-12-17 12:22:24', 0),
(536, 7, 'Estado Normal', 'El dispositivo se encuentra estable en la red. Latencia: 3 ms, Perdidas: 0.0%', '2025-12-17 12:22:27', 0),
(537, 8, 'Estado Normal', 'El dispositivo se encuentra estable en la red. Latencia: 0 ms, Perdidas: 0.0%', '2025-12-17 12:22:31', 0),
(538, 9, 'Estado Normal', 'El dispositivo se encuentra estable en la red. Latencia: 3 ms, Perdidas: 0.0%', '2025-12-17 12:22:34', 0),
(539, 10, 'Estado Normal', 'El dispositivo se encuentra estable en la red. Latencia: 3 ms, Perdidas: 0.0%', '2025-12-17 12:22:37', 0),
(540, 11, 'Estado Normal', 'El dispositivo se encuentra estable en la red. Latencia: 2 ms, Perdidas: 0.0%', '2025-12-17 12:22:40', 0),
(541, 12, 'Estado Normal', 'El dispositivo se encuentra estable en la red. Latencia: 0 ms, Perdidas: 0.0%', '2025-12-17 12:22:43', 0),
(542, 13, 'Estado Normal', 'El dispositivo se encuentra estable en la red. Latencia: 3 ms, Perdidas: 0.0%', '2025-12-17 12:22:47', 0),
(543, 14, 'Estado Normal', 'El dispositivo se encuentra estable en la red. Latencia: 1 ms, Perdidas: 0.0%', '2025-12-17 12:22:50', 0),
(544, 15, 'Estado Crítico', 'Condición crítica detectada en el dispositivo. Posible congestión, falla de red o indisponibilidad. Latencia: 0 ms, Perdidas de paquetes: 75.0%', '2025-12-17 12:22:56', 0),
(545, 16, 'Estado Normal', 'El dispositivo se encuentra estable en la red. Latencia: 3 ms, Perdidas: 0.0%', '2025-12-17 12:22:59', 0),
(546, 17, 'Estado Normal', 'El dispositivo se encuentra estable en la red. Latencia: 2 ms, Perdidas: 0.0%', '2025-12-17 12:23:03', 0),
(547, 18, 'Estado Normal', 'El dispositivo se encuentra estable en la red. Latencia: 1 ms, Perdidas: 0.0%', '2025-12-17 12:23:06', 0),
(548, 19, 'Estado Normal', 'El dispositivo se encuentra estable en la red. Latencia: 0 ms, Perdidas: 0.0%', '2025-12-17 12:23:09', 0),
(549, 20, 'Estado Normal', 'El dispositivo se encuentra estable en la red. Latencia: 0 ms, Perdidas: 0.0%', '2025-12-17 12:23:12', 0),
(550, 21, 'Estado Normal', 'El dispositivo se encuentra estable en la red. Latencia: 1 ms, Perdidas: 0.0%', '2025-12-17 12:23:15', 0),
(551, 22, 'Estado Normal', 'El dispositivo se encuentra estable en la red. Latencia: 1 ms, Perdidas: 0.0%', '2025-12-17 12:23:19', 0),
(552, 23, 'Estado Normal', 'El dispositivo se encuentra estable en la red. Latencia: 0 ms, Perdidas: 0.0%', '2025-12-17 12:23:22', 0),
(553, 24, 'Estado Normal', 'El dispositivo se encuentra estable en la red. Latencia: 0 ms, Perdidas: 0.0%', '2025-12-17 12:23:25', 0),
(554, 25, 'Estado Normal', 'El dispositivo se encuentra estable en la red. Latencia: 13 ms, Perdidas: 0.0%', '2025-12-17 12:23:28', 0),
(555, 26, 'Estado Normal', 'El dispositivo se encuentra estable en la red. Latencia: 0 ms, Perdidas: 0.0%', '2025-12-17 12:23:31', 0),
(556, 27, 'Estado Normal', 'El dispositivo se encuentra estable en la red. Latencia: 0 ms, Perdidas: 0.0%', '2025-12-17 12:23:35', 0),
(557, 28, 'Estado Crítico', 'Condición crítica detectada en el dispositivo. Posible congestión, falla de red o indisponibilidad. Latencia: 0 ms, Perdidas de paquetes: 75.0%', '2025-12-17 12:23:40', 0),
(558, 29, 'Estado Normal', 'El dispositivo se encuentra estable en la red. Latencia: 0 ms, Perdidas: 0.0%', '2025-12-17 12:23:44', 0),
(559, 30, 'Estado Normal', 'El dispositivo se encuentra estable en la red. Latencia: 3 ms, Perdidas: 0.0%', '2025-12-17 12:23:47', 0),
(560, 32, 'Estado Normal', 'El dispositivo se encuentra estable en la red. Latencia: 0 ms, Perdidas: 0.0%', '2025-12-17 12:23:50', 0),
(561, 33, 'Estado Normal', 'El dispositivo se encuentra estable en la red. Latencia: 0 ms, Perdidas: 0.0%', '2025-12-17 12:23:53', 0),
(562, 34, 'Estado Normal', 'El dispositivo se encuentra estable en la red. Latencia: 1 ms, Perdidas: 0.0%', '2025-12-17 12:23:57', 0),
(563, 36, 'Estado Normal', 'El dispositivo se encuentra estable en la red. Latencia: 0 ms, Perdidas: 0.0%', '2025-12-17 12:24:00', 0),
(564, 37, 'Estado Normal', 'El dispositivo se encuentra estable en la red. Latencia: 0 ms, Perdidas: 0.0%', '2025-12-17 12:24:03', 0),
(565, 38, 'Estado Normal', 'El dispositivo se encuentra estable en la red. Latencia: 1 ms, Perdidas: 0.0%', '2025-12-17 12:24:07', 0),
(566, 39, 'Estado Normal', 'El dispositivo se encuentra estable en la red. Latencia: 1 ms, Perdidas: 0.0%', '2025-12-17 12:24:10', 0),
(567, 40, 'Estado Normal', 'El dispositivo se encuentra estable en la red. Latencia: 0 ms, Perdidas: 0.0%', '2025-12-17 12:24:13', 0),
(568, 41, 'Estado Normal', 'El dispositivo se encuentra estable en la red. Latencia: 0 ms, Perdidas: 0.0%', '2025-12-17 12:24:16', 0),
(570, 43, 'Estado Normal', 'El dispositivo se encuentra estable en la red. Latencia: 0 ms, Perdidas: 0.0%', '2025-12-17 12:24:26', 0),
(571, 44, 'Estado Normal', 'El dispositivo se encuentra estable en la red. Latencia: 0 ms, Perdidas: 0.0%', '2025-12-17 12:24:29', 0),
(572, 45, 'Estado Normal', 'El dispositivo se encuentra estable en la red. Latencia: 1 ms, Perdidas: 0.0%', '2025-12-17 12:24:32', 0),
(573, 47, 'Estado Normal', 'El dispositivo se encuentra estable en la red. Latencia: 0 ms, Perdidas: 0.0%', '2025-12-17 12:24:35', 0),
(574, 48, 'Estado Normal', 'El dispositivo se encuentra estable en la red. Latencia: 3 ms, Perdidas: 0.0%', '2025-12-17 12:24:39', 0),
(575, 49, 'Estado Normal', 'El dispositivo se encuentra estable en la red. Latencia: 0 ms, Perdidas: 0.0%', '2025-12-17 12:24:42', 0);

-- --------------------------------------------------------

--
-- Estructura de tabla para la tabla `metricas`
--

CREATE TABLE `metricas` (
  `id_metrica` int(11) NOT NULL,
  `id_dispositivo_fk` int(11) NOT NULL,
  `fecha` datetime DEFAULT NULL,
  `latencia` float DEFAULT NULL,
  `paquetes_perdidos` float DEFAULT NULL,
  `disponibilidad` tinyint(1) DEFAULT NULL
) ENGINE=InnoDB DEFAULT CHARSET=utf8mb4 COLLATE=utf8mb4_general_ci;

--
-- Volcado de datos para la tabla `metricas`
--

INSERT INTO `metricas` (`id_metrica`, `id_dispositivo_fk`, `fecha`, `latencia`, `paquetes_perdidos`, `disponibilidad`) VALUES
(1, 1, '2025-12-16 16:24:49', 0, 100, 0),
(2, 1, '2025-12-16 16:24:50', 0, 100, 0),
(3, 1, '2025-12-16 16:26:06', 0, 100, 0),
(4, 1, '2025-12-16 16:26:07', 0, 100, 0),
(5, 2, '2025-12-16 16:26:13', 0, 100, 0),
(6, 2, '2025-12-16 16:26:14', 0, 100, 0),
(7, 1, '2025-12-16 16:28:06', 0, 0, 1),
(8, 1, '2025-12-16 16:28:08', 0, 0, 1),
(9, 2, '2025-12-16 16:28:10', 1, 0, 1),
(10, 2, '2025-12-16 16:28:11', 1, 0, 1),
(11, 1, '2025-12-16 16:29:26', 0, 0, 1),
(12, 2, '2025-12-16 16:29:30', 1, 0, 1),
(13, 1, '2025-12-16 16:37:37', 0, 0, 1),
(14, 2, '2025-12-16 16:37:41', 1, 0, 1),
(15, 1, '2025-12-16 16:38:13', 0, 0, 1),
(16, 2, '2025-12-16 16:38:16', 1, 0, 1),
(17, 1, '2025-12-16 16:47:44', 0, 0, 1),
(18, 2, '2025-12-16 16:47:48', 1, 0, 1),
(19, 3, '2025-12-16 16:47:51', 1, 0, 1),
(20, 4, '2025-12-16 16:47:54', 0, 0, 1),
(21, 5, '2025-12-16 16:47:57', 3, 0, 1),
(22, 6, '2025-12-16 16:48:01', 4, 0, 1),
(23, 7, '2025-12-16 16:48:04', 2, 0, 1),
(24, 8, '2025-12-16 16:48:07', 0, 0, 1),
(25, 9, '2025-12-16 16:48:10', 4, 0, 1),
(26, 1, '2025-12-16 16:48:19', 9, 0, 1),
(27, 2, '2025-12-16 16:48:23', 1, 0, 1),
(28, 3, '2025-12-16 16:48:26', 0, 0, 1),
(29, 4, '2025-12-16 16:48:29', 0, 0, 1),
(30, 5, '2025-12-16 16:48:33', 1, 0, 1),
(31, 6, '2025-12-16 16:48:36', 1, 0, 1),
(32, 7, '2025-12-16 16:48:39', 1, 0, 1),
(33, 8, '2025-12-16 16:48:42', 0, 0, 1),
(34, 9, '2025-12-16 16:48:46', 1, 0, 1),
(35, 10, '2025-12-16 16:48:49', 4, 0, 1),
(36, 1, '2025-12-16 16:58:14', 0, 0, 1),
(37, 2, '2025-12-16 16:58:17', 1, 0, 1),
(38, 3, '2025-12-16 16:58:21', 3, 0, 1),
(39, 4, '2025-12-16 16:58:24', 0, 0, 1),
(40, 5, '2025-12-16 16:58:27', 2, 0, 1),
(41, 6, '2025-12-16 16:58:31', 4, 0, 1),
(42, 7, '2025-12-16 16:58:34', 4, 0, 1),
(43, 8, '2025-12-16 16:58:37', 0, 0, 1),
(44, 9, '2025-12-16 16:58:41', 2, 0, 1),
(45, 10, '2025-12-16 16:58:44', 3, 0, 1),
(46, 11, '2025-12-16 16:58:47', 0, 0, 1),
(47, 12, '2025-12-16 16:58:50', 0, 0, 1),
(48, 1, '2025-12-16 16:58:53', 0, 0, 1),
(49, 13, '2025-12-16 16:58:54', 2, 0, 1),
(50, 2, '2025-12-16 16:58:57', 1, 0, 1),
(51, 14, '2025-12-16 16:58:57', 1, 0, 1),
(52, 3, '2025-12-16 16:59:00', 0, 0, 1),
(53, 15, '2025-12-16 16:59:03', 0, 50, 1),
(54, 4, '2025-12-16 16:59:05', 0, 0, 1),
(55, 16, '2025-12-16 16:59:07', 2, 0, 1),
(56, 5, '2025-12-16 16:59:08', 1, 0, 1),
(57, 17, '2025-12-16 16:59:10', 0, 0, 1),
(58, 6, '2025-12-16 16:59:11', 1, 0, 1),
(59, 18, '2025-12-16 16:59:13', 1, 0, 1),
(60, 7, '2025-12-16 16:59:14', 1, 0, 1),
(61, 19, '2025-12-16 16:59:16', 0, 0, 1),
(62, 8, '2025-12-16 16:59:17', 0, 0, 1),
(63, 20, '2025-12-16 16:59:20', 0, 0, 1),
(64, 9, '2025-12-16 16:59:21', 1, 0, 1),
(65, 21, '2025-12-16 16:59:23', 0, 0, 1),
(66, 10, '2025-12-16 16:59:24', 1, 0, 1),
(67, 22, '2025-12-16 16:59:27', 0, 0, 1),
(68, 11, '2025-12-16 16:59:27', 0, 0, 1),
(69, 23, '2025-12-16 16:59:30', 0, 0, 1),
(70, 12, '2025-12-16 16:59:31', 0, 0, 1),
(71, 24, '2025-12-16 16:59:34', 0, 0, 1),
(72, 13, '2025-12-16 16:59:34', 1, 0, 1),
(73, 25, '2025-12-16 16:59:37', 0, 0, 1),
(74, 14, '2025-12-16 16:59:37', 1, 0, 1),
(75, 26, '2025-12-16 16:59:40', 0, 0, 1),
(76, 15, '2025-12-16 16:59:43', 0, 50, 1),
(77, 27, '2025-12-16 16:59:44', 0, 0, 1),
(78, 16, '2025-12-16 16:59:46', 1, 0, 1),
(79, 28, '2025-12-16 16:59:49', 0, 50, 1),
(80, 17, '2025-12-16 16:59:50', 0, 0, 1),
(81, 29, '2025-12-16 16:59:53', 0, 0, 1),
(82, 18, '2025-12-16 16:59:53', 1, 0, 1),
(83, 30, '2025-12-16 16:59:56', 5, 0, 1),
(84, 19, '2025-12-16 16:59:56', 0, 0, 1),
(86, 20, '2025-12-16 17:00:00', 0, 0, 1),
(87, 21, '2025-12-16 17:00:03', 0, 0, 1),
(88, 22, '2025-12-16 17:00:07', 0, 0, 1),
(89, 23, '2025-12-16 17:00:10', 0, 0, 1),
(90, 24, '2025-12-16 17:00:13', 0, 0, 1),
(91, 25, '2025-12-16 17:00:17', 0, 0, 1),
(92, 26, '2025-12-16 17:00:20', 0, 0, 1),
(93, 27, '2025-12-16 17:00:23', 0, 0, 1),
(94, 28, '2025-12-16 17:00:29', 0, 50, 1),
(95, 29, '2025-12-16 17:00:32', 0, 0, 1),
(96, 30, '2025-12-16 17:00:35', 2, 0, 1),
(98, 32, '2025-12-16 17:00:42', 0, 0, 1),
(99, 1, '2025-12-16 17:07:05', 0, 0, 1),
(100, 1, '2025-12-16 17:07:06', 0, 0, 1),
(101, 2, '2025-12-16 17:07:09', 1, 0, 1),
(102, 2, '2025-12-16 17:07:10', 1, 0, 1),
(103, 3, '2025-12-16 17:07:15', 2, 0, 1),
(104, 3, '2025-12-16 17:07:16', 0, 0, 1),
(105, 4, '2025-12-16 17:07:18', 1, 0, 1),
(106, 4, '2025-12-16 17:07:19', 0, 0, 1),
(107, 5, '2025-12-16 17:07:22', 1, 0, 1),
(108, 5, '2025-12-16 17:07:23', 1, 0, 1),
(109, 6, '2025-12-16 17:07:25', 2, 0, 1),
(110, 6, '2025-12-16 17:07:26', 1, 0, 1),
(111, 7, '2025-12-16 17:07:29', 3, 0, 1),
(112, 7, '2025-12-16 17:07:29', 2, 0, 1),
(113, 8, '2025-12-16 17:07:32', 0, 0, 1),
(114, 8, '2025-12-16 17:07:32', 0, 0, 1),
(115, 9, '2025-12-16 17:07:35', 1, 0, 1),
(116, 9, '2025-12-16 17:07:36', 1, 0, 1),
(117, 10, '2025-12-16 17:07:38', 1, 0, 1),
(118, 10, '2025-12-16 17:07:39', 1, 0, 1),
(119, 11, '2025-12-16 17:07:42', 4, 0, 1),
(120, 11, '2025-12-16 17:07:42', 1, 0, 1),
(121, 12, '2025-12-16 17:07:45', 2, 0, 1),
(122, 12, '2025-12-16 17:07:45', 0, 0, 1),
(123, 13, '2025-12-16 17:07:48', 1, 0, 1),
(124, 13, '2025-12-16 17:07:49', 2, 0, 1),
(125, 14, '2025-12-16 17:07:52', 1, 0, 1),
(126, 14, '2025-12-16 17:07:52', 1, 0, 1),
(127, 15, '2025-12-16 17:07:57', 0, 75, 1),
(128, 15, '2025-12-16 17:07:58', 0, 75, 1),
(129, 16, '2025-12-16 17:08:01', 1, 0, 1),
(130, 16, '2025-12-16 17:08:01', 1, 0, 1),
(131, 17, '2025-12-16 17:08:04', 1, 0, 1),
(132, 17, '2025-12-16 17:08:04', 0, 0, 1),
(133, 18, '2025-12-16 17:08:08', 1, 0, 1),
(134, 18, '2025-12-16 17:08:08', 1, 0, 1),
(135, 19, '2025-12-16 17:08:11', 1, 0, 1),
(136, 19, '2025-12-16 17:08:11', 0, 0, 1),
(137, 20, '2025-12-16 17:08:14', 0, 0, 1),
(138, 20, '2025-12-16 17:08:15', 0, 0, 1),
(139, 21, '2025-12-16 17:08:17', 0, 0, 1),
(140, 21, '2025-12-16 17:08:18', 0, 0, 1),
(141, 22, '2025-12-16 17:08:20', 0, 0, 1),
(142, 22, '2025-12-16 17:08:21', 0, 0, 1),
(143, 23, '2025-12-16 17:08:24', 0, 0, 1),
(144, 23, '2025-12-16 17:08:25', 0, 0, 1),
(145, 24, '2025-12-16 17:08:27', 0, 0, 1),
(146, 24, '2025-12-16 17:08:28', 0, 0, 1),
(147, 25, '2025-12-16 17:08:30', 0, 0, 1),
(148, 25, '2025-12-16 17:08:31', 0, 0, 1),
(149, 26, '2025-12-16 17:08:34', 0, 0, 1),
(150, 26, '2025-12-16 17:08:34', 0, 0, 1),
(151, 27, '2025-12-16 17:08:37', 0, 0, 1),
(152, 27, '2025-12-16 17:08:37', 0, 0, 1),
(153, 28, '2025-12-16 17:08:43', 0, 75, 1),
(154, 28, '2025-12-16 17:08:43', 0, 75, 1),
(155, 29, '2025-12-16 17:08:46', 0, 0, 1),
(156, 29, '2025-12-16 17:08:47', 0, 0, 1),
(157, 30, '2025-12-16 17:08:50', 2, 0, 1),
(158, 30, '2025-12-16 17:08:50', 3, 0, 1),
(161, 32, '2025-12-16 17:08:58', 0, 0, 1),
(162, 32, '2025-12-16 17:08:58', 0, 0, 1),
(163, 33, '2025-12-16 17:09:01', 0, 0, 1),
(164, 33, '2025-12-16 17:09:01', 0, 0, 1),
(165, 34, '2025-12-16 17:09:04', 1, 0, 1),
(166, 34, '2025-12-16 17:09:05', 0, 0, 1),
(169, 36, '2025-12-16 17:09:11', 0, 0, 1),
(170, 36, '2025-12-16 17:09:11', 0, 0, 1),
(171, 37, '2025-12-16 17:09:14', 0, 0, 1),
(172, 37, '2025-12-16 17:09:14', 0, 0, 1),
(173, 38, '2025-12-16 17:09:21', 0, 0, 1),
(174, 38, '2025-12-16 17:09:21', 0, 0, 1),
(175, 39, '2025-12-16 17:09:25', 0, 0, 1),
(176, 39, '2025-12-16 17:09:25', 0, 0, 1),
(177, 40, '2025-12-16 17:09:28', 0, 0, 1),
(178, 40, '2025-12-16 17:09:28', 0, 0, 1),
(179, 41, '2025-12-16 17:09:32', 0, 0, 1),
(180, 41, '2025-12-16 17:09:32', 0, 0, 1),
(181, 42, '2025-12-16 17:09:38', 0, 50, 1),
(182, 42, '2025-12-16 17:09:39', 0, 100, 0),
(183, 43, '2025-12-16 17:09:41', 0, 0, 1),
(184, 43, '2025-12-16 17:09:43', 0, 0, 1),
(185, 44, '2025-12-16 17:09:45', 0, 0, 1),
(186, 44, '2025-12-16 17:09:46', 0, 0, 1),
(187, 45, '2025-12-16 17:09:49', 0, 0, 1),
(188, 45, '2025-12-16 17:09:50', 0, 0, 1),
(191, 47, '2025-12-16 17:09:57', 0, 0, 1),
(192, 47, '2025-12-16 17:09:57', 0, 0, 1),
(193, 48, '2025-12-16 17:10:00', 0, 0, 1),
(194, 48, '2025-12-16 17:10:00', 0, 0, 1),
(195, 49, '2025-12-16 17:10:04', 0, 0, 1),
(196, 49, '2025-12-16 17:10:04', 0, 0, 1),
(197, 50, '2025-12-16 17:10:07', 0, 0, 1),
(198, 50, '2025-12-16 17:10:07', 0, 0, 1),
(199, 1, '2025-12-16 22:04:47', 0, 100, 0),
(200, 2, '2025-12-16 22:04:54', 0, 100, 0),
(201, 3, '2025-12-16 22:05:02', 0, 100, 0),
(202, 4, '2025-12-16 22:05:09', 0, 100, 0),
(203, 5, '2025-12-16 22:05:16', 0, 100, 0),
(204, 6, '2025-12-16 22:05:23', 0, 100, 0),
(205, 7, '2025-12-16 22:05:30', 0, 100, 0),
(206, 8, '2025-12-16 22:05:37', 0, 100, 0),
(207, 9, '2025-12-16 22:05:44', 0, 100, 0),
(208, 10, '2025-12-16 22:05:51', 0, 100, 0),
(209, 11, '2025-12-16 22:05:58', 0, 100, 0),
(210, 12, '2025-12-16 22:06:05', 0, 100, 0),
(211, 13, '2025-12-16 22:06:12', 0, 100, 0),
(212, 14, '2025-12-16 22:06:19', 0, 100, 0),
(213, 15, '2025-12-16 22:06:26', 0, 100, 0),
(214, 16, '2025-12-16 22:06:33', 0, 100, 0),
(215, 17, '2025-12-16 22:06:40', 0, 100, 0),
(216, 18, '2025-12-16 22:06:47', 0, 100, 0),
(217, 19, '2025-12-16 22:06:54', 0, 100, 0),
(218, 20, '2025-12-16 22:07:02', 0, 100, 0),
(219, 21, '2025-12-16 22:07:08', 0, 100, 0),
(220, 22, '2025-12-16 22:07:15', 0, 100, 0),
(221, 23, '2025-12-16 22:07:22', 0, 100, 0),
(222, 24, '2025-12-16 22:07:29', 0, 100, 0),
(223, 25, '2025-12-16 22:07:36', 0, 100, 0),
(224, 26, '2025-12-16 22:07:43', 0, 100, 0),
(225, 27, '2025-12-16 22:07:51', 0, 100, 0),
(226, 28, '2025-12-16 22:07:57', 0, 100, 0),
(227, 29, '2025-12-16 22:08:04', 0, 100, 0),
(228, 30, '2025-12-16 22:08:11', 0, 100, 0),
(229, 32, '2025-12-16 22:08:18', 0, 100, 0),
(230, 33, '2025-12-16 22:08:26', 0, 100, 0),
(231, 34, '2025-12-16 22:08:33', 0, 100, 0),
(232, 36, '2025-12-16 22:08:40', 0, 100, 0),
(233, 37, '2025-12-16 22:08:47', 0, 100, 0),
(234, 38, '2025-12-16 22:08:55', 0, 100, 0),
(235, 39, '2025-12-16 22:09:01', 0, 100, 0),
(236, 40, '2025-12-16 22:09:08', 0, 100, 0),
(237, 41, '2025-12-16 22:09:15', 0, 100, 0),
(238, 42, '2025-12-16 22:09:22', 0, 100, 0),
(239, 43, '2025-12-16 22:09:29', 0, 100, 0),
(240, 44, '2025-12-16 22:09:36', 0, 100, 0),
(241, 45, '2025-12-16 22:09:44', 0, 100, 0),
(242, 47, '2025-12-16 22:09:51', 0, 100, 0),
(243, 48, '2025-12-16 22:09:58', 0, 100, 0),
(244, 49, '2025-12-16 22:10:05', 0, 100, 0),
(245, 50, '2025-12-16 22:10:12', 0, 100, 0),
(246, 1, '2025-12-16 22:20:19', 0, 100, 0),
(247, 2, '2025-12-16 22:20:26', 0, 100, 0),
(248, 3, '2025-12-16 22:20:33', 0, 100, 0),
(249, 4, '2025-12-16 22:20:40', 0, 100, 0),
(250, 5, '2025-12-16 22:20:47', 0, 100, 0),
(251, 6, '2025-12-16 22:20:54', 0, 100, 0),
(252, 7, '2025-12-16 22:21:01', 0, 100, 0),
(253, 8, '2025-12-16 22:21:08', 0, 100, 0),
(254, 9, '2025-12-16 22:21:15', 0, 100, 0),
(255, 10, '2025-12-16 22:21:22', 0, 100, 0),
(256, 11, '2025-12-16 22:21:29', 0, 100, 0),
(257, 12, '2025-12-16 22:21:36', 0, 100, 0),
(258, 13, '2025-12-16 22:21:43', 0, 100, 0),
(259, 14, '2025-12-16 22:21:50', 0, 100, 0),
(260, 15, '2025-12-16 22:21:57', 0, 100, 0),
(261, 16, '2025-12-16 22:22:06', 0, 100, 0),
(262, 17, '2025-12-16 22:22:13', 0, 100, 0),
(263, 18, '2025-12-16 22:22:20', 0, 100, 0),
(264, 19, '2025-12-16 22:22:27', 0, 100, 0),
(265, 20, '2025-12-16 22:22:34', 0, 100, 0),
(266, 21, '2025-12-16 22:22:41', 0, 100, 0),
(267, 22, '2025-12-16 22:22:48', 0, 100, 0),
(268, 23, '2025-12-16 22:22:55', 0, 100, 0),
(269, 24, '2025-12-16 22:23:02', 0, 100, 0),
(270, 25, '2025-12-16 22:23:09', 0, 100, 0),
(271, 26, '2025-12-16 22:23:16', 0, 100, 0),
(272, 27, '2025-12-16 22:23:23', 0, 100, 0),
(273, 28, '2025-12-16 22:23:30', 0, 100, 0),
(274, 29, '2025-12-16 22:23:37', 0, 100, 0),
(275, 30, '2025-12-16 22:23:44', 0, 100, 0),
(276, 32, '2025-12-16 22:23:51', 0, 100, 0),
(277, 33, '2025-12-16 22:23:58', 0, 100, 0),
(278, 34, '2025-12-16 22:24:05', 0, 100, 0),
(279, 36, '2025-12-16 22:24:12', 0, 100, 0),
(280, 37, '2025-12-16 22:24:19', 0, 100, 0),
(281, 38, '2025-12-16 22:24:26', 0, 100, 0),
(282, 39, '2025-12-16 22:24:33', 0, 100, 0),
(283, 40, '2025-12-16 22:24:41', 0, 100, 0),
(284, 41, '2025-12-16 22:24:47', 0, 100, 0),
(285, 42, '2025-12-16 22:24:54', 0, 100, 0),
(286, 43, '2025-12-16 22:25:01', 0, 100, 0),
(287, 44, '2025-12-16 22:25:08', 0, 100, 0),
(288, 45, '2025-12-16 22:25:15', 0, 100, 0),
(289, 47, '2025-12-16 22:25:22', 0, 100, 0),
(290, 48, '2025-12-16 22:25:29', 0, 100, 0),
(291, 49, '2025-12-16 22:25:36', 0, 100, 0),
(292, 50, '2025-12-16 22:25:43', 0, 100, 0),
(293, 1, '2025-12-17 11:25:15', 0, 100, 0),
(294, 2, '2025-12-17 11:25:22', 0, 100, 0),
(295, 3, '2025-12-17 11:25:29', 0, 100, 0),
(296, 4, '2025-12-17 11:25:36', 0, 100, 0),
(297, 5, '2025-12-17 11:25:43', 0, 100, 0),
(298, 6, '2025-12-17 11:25:50', 0, 100, 0),
(299, 7, '2025-12-17 11:25:57', 0, 100, 0),
(300, 8, '2025-12-17 11:26:05', 0, 100, 0),
(301, 9, '2025-12-17 11:26:14', 0, 100, 0),
(302, 10, '2025-12-17 11:26:22', 0, 100, 0),
(303, 11, '2025-12-17 11:26:29', 0, 100, 0),
(304, 12, '2025-12-17 11:26:37', 0, 100, 0),
(305, 13, '2025-12-17 11:26:45', 0, 100, 0),
(306, 14, '2025-12-17 11:26:52', 0, 100, 0),
(307, 15, '2025-12-17 11:27:03', 0, 100, 0),
(308, 16, '2025-12-17 11:27:11', 0, 100, 0),
(309, 17, '2025-12-17 11:27:18', 0, 100, 0),
(310, 18, '2025-12-17 11:27:25', 0, 100, 0),
(311, 19, '2025-12-17 11:27:37', 0, 100, 0),
(312, 20, '2025-12-17 11:27:44', 0, 100, 0),
(313, 21, '2025-12-17 11:27:51', 0, 100, 0),
(314, 22, '2025-12-17 11:27:58', 0, 100, 0),
(315, 23, '2025-12-17 11:28:05', 0, 100, 0),
(316, 24, '2025-12-17 11:28:12', 0, 100, 0),
(317, 25, '2025-12-17 11:28:19', 0, 100, 0),
(318, 26, '2025-12-17 11:28:24', 0, 100, 0),
(319, 1, '2025-12-17 11:29:11', 0, 0, 1),
(320, 2, '2025-12-17 11:29:14', 1, 0, 1),
(321, 3, '2025-12-17 11:29:18', 0, 0, 1),
(322, 4, '2025-12-17 11:29:23', 0, 0, 1),
(323, 5, '2025-12-17 11:29:26', 2, 0, 1),
(324, 6, '2025-12-17 11:29:29', 4, 0, 1),
(325, 7, '2025-12-17 11:29:33', 2, 0, 1),
(326, 8, '2025-12-17 11:29:36', 0, 0, 1),
(327, 9, '2025-12-17 11:29:40', 4, 0, 1),
(328, 10, '2025-12-17 11:29:43', 3, 0, 1),
(329, 11, '2025-12-17 11:29:47', 0, 0, 1),
(330, 12, '2025-12-17 11:29:50', 0, 0, 1),
(331, 13, '2025-12-17 11:29:53', 2, 0, 1),
(332, 14, '2025-12-17 11:29:56', 1, 0, 1),
(333, 15, '2025-12-17 11:30:02', 0, 50, 1),
(334, 16, '2025-12-17 11:30:06', 2, 0, 1),
(335, 17, '2025-12-17 11:30:09', 0, 0, 1),
(336, 18, '2025-12-17 11:30:13', 1, 0, 1),
(337, 19, '2025-12-17 11:30:17', 0, 0, 1),
(338, 20, '2025-12-17 11:30:20', 0, 0, 1),
(339, 21, '2025-12-17 11:30:24', 0, 0, 1),
(340, 22, '2025-12-17 11:30:28', 0, 0, 1),
(341, 23, '2025-12-17 11:30:31', 0, 0, 1),
(342, 1, '2025-12-17 11:31:08', 0, 0, 1),
(343, 2, '2025-12-17 11:31:11', 1, 0, 1),
(344, 3, '2025-12-17 11:31:15', 0, 0, 1),
(345, 4, '2025-12-17 11:31:18', 0, 0, 1),
(346, 5, '2025-12-17 11:31:22', 1, 0, 1),
(347, 6, '2025-12-17 11:31:25', 1, 0, 1),
(348, 7, '2025-12-17 11:31:29', 1, 0, 1),
(349, 8, '2025-12-17 11:31:33', 0, 0, 1),
(350, 9, '2025-12-17 11:31:36', 1, 0, 1),
(351, 10, '2025-12-17 11:31:39', 1, 0, 1),
(352, 11, '2025-12-17 11:31:43', 3, 0, 1),
(353, 12, '2025-12-17 11:31:47', 1, 0, 1),
(354, 13, '2025-12-17 11:31:51', 1, 0, 1),
(355, 14, '2025-12-17 11:31:54', 1, 0, 1),
(356, 15, '2025-12-17 11:32:00', 0, 75, 1),
(357, 16, '2025-12-17 11:32:03', 1, 0, 1),
(358, 17, '2025-12-17 11:32:07', 0, 0, 1),
(359, 18, '2025-12-17 11:32:10', 1, 0, 1),
(360, 19, '2025-12-17 11:32:13', 0, 0, 1),
(361, 20, '2025-12-17 11:32:17', 0, 0, 1),
(362, 21, '2025-12-17 11:32:20', 0, 0, 1),
(363, 22, '2025-12-17 11:32:24', 0, 0, 1),
(364, 23, '2025-12-17 11:32:27', 0, 0, 1),
(365, 24, '2025-12-17 11:32:30', 0, 0, 1),
(366, 25, '2025-12-17 11:32:34', 0, 0, 1),
(367, 26, '2025-12-17 11:32:37', 0, 0, 1),
(368, 27, '2025-12-17 11:32:41', 0, 0, 1),
(369, 28, '2025-12-17 11:32:47', 0, 50, 1),
(370, 29, '2025-12-17 11:32:50', 0, 0, 1),
(371, 30, '2025-12-17 11:32:54', 2, 0, 1),
(372, 32, '2025-12-17 11:33:02', 0, 0, 1),
(373, 33, '2025-12-17 11:33:05', 0, 0, 1),
(374, 34, '2025-12-17 11:33:09', 0, 0, 1),
(375, 36, '2025-12-17 11:33:13', 0, 0, 1),
(376, 37, '2025-12-17 11:33:17', 0, 0, 1),
(377, 38, '2025-12-17 11:33:20', 0, 0, 1),
(378, 39, '2025-12-17 11:33:24', 0, 0, 1),
(379, 40, '2025-12-17 11:33:27', 0, 0, 1),
(380, 41, '2025-12-17 11:33:30', 0, 0, 1),
(381, 42, '2025-12-17 11:33:36', 0, 50, 1),
(382, 43, '2025-12-17 11:33:39', 0, 0, 1),
(383, 44, '2025-12-17 11:33:43', 0, 0, 1),
(384, 45, '2025-12-17 11:33:46', 0, 0, 1),
(385, 47, '2025-12-17 11:33:49', 0, 0, 1),
(386, 48, '2025-12-17 11:33:52', 0, 0, 1),
(387, 49, '2025-12-17 11:33:56', 0, 0, 1),
(388, 50, '2025-12-17 11:33:59', 0, 0, 1),
(389, 1, '2025-12-17 11:44:02', 1, 0, 1),
(390, 2, '2025-12-17 11:44:05', 1, 0, 1),
(391, 3, '2025-12-17 11:44:08', 2, 0, 1),
(392, 4, '2025-12-17 11:44:12', 1, 0, 1),
(393, 5, '2025-12-17 11:44:15', 2, 0, 1),
(394, 6, '2025-12-17 11:44:18', 3, 0, 1),
(395, 7, '2025-12-17 11:44:21', 3, 0, 1),
(396, 8, '2025-12-17 11:44:25', 1, 0, 1),
(397, 9, '2025-12-17 11:44:28', 2, 0, 1),
(398, 10, '2025-12-17 11:44:31', 2, 0, 1),
(399, 11, '2025-12-17 11:44:34', 1, 0, 1),
(400, 12, '2025-12-17 11:44:37', 1, 0, 1),
(401, 13, '2025-12-17 11:44:41', 2, 0, 1),
(402, 14, '2025-12-17 11:44:44', 1, 0, 1),
(403, 15, '2025-12-17 11:44:50', 0, 75, 1),
(404, 16, '2025-12-17 11:44:53', 3, 0, 1),
(405, 17, '2025-12-17 11:44:56', 1, 0, 1),
(406, 18, '2025-12-17 11:44:59', 1, 0, 1),
(407, 19, '2025-12-17 11:45:03', 1, 0, 1),
(408, 20, '2025-12-17 11:45:06', 0, 0, 1),
(409, 21, '2025-12-17 11:45:09', 0, 0, 1),
(410, 22, '2025-12-17 11:45:14', 0, 0, 1),
(411, 23, '2025-12-17 11:45:18', 0, 0, 1),
(412, 24, '2025-12-17 11:45:21', 1, 0, 1),
(413, 25, '2025-12-17 11:45:24', 0, 0, 1),
(414, 26, '2025-12-17 11:45:27', 0, 0, 1),
(415, 27, '2025-12-17 11:45:31', 0, 0, 1),
(416, 28, '2025-12-17 11:45:37', 0, 75, 1),
(417, 29, '2025-12-17 11:45:42', 0, 0, 1),
(418, 30, '2025-12-17 11:45:45', 3, 0, 1),
(419, 32, '2025-12-17 11:45:48', 0, 0, 1),
(420, 33, '2025-12-17 11:45:52', 0, 0, 1),
(421, 34, '2025-12-17 11:45:55', 0, 0, 1),
(422, 36, '2025-12-17 11:45:58', 1, 0, 1),
(423, 37, '2025-12-17 11:46:01', 0, 0, 1),
(424, 38, '2025-12-17 11:46:05', 0, 0, 1),
(425, 39, '2025-12-17 11:46:08', 0, 0, 1),
(426, 40, '2025-12-17 11:46:11', 0, 0, 1),
(427, 41, '2025-12-17 11:46:15', 0, 0, 1),
(428, 42, '2025-12-17 11:46:20', 0, 75, 1),
(429, 43, '2025-12-17 11:46:24', 0, 0, 1),
(430, 44, '2025-12-17 11:46:27', 1, 0, 1),
(431, 45, '2025-12-17 11:46:30', 0, 0, 1),
(432, 47, '2025-12-17 11:46:33', 0, 0, 1),
(433, 48, '2025-12-17 11:46:36', 1, 0, 1),
(434, 49, '2025-12-17 11:46:40', 0, 0, 1),
(435, 50, '2025-12-17 11:46:43', 0, 0, 1),
(436, 1, '2025-12-17 11:56:46', 1, 0, 1),
(437, 2, '2025-12-17 11:56:49', 1, 0, 1),
(438, 3, '2025-12-17 11:56:53', 1, 0, 1),
(439, 4, '2025-12-17 11:56:56', 2, 0, 1),
(440, 5, '2025-12-17 11:56:59', 3, 0, 1),
(441, 6, '2025-12-17 11:57:02', 2, 0, 1),
(442, 7, '2025-12-17 11:57:05', 2, 0, 1),
(443, 8, '2025-12-17 11:57:08', 1, 0, 1),
(444, 9, '2025-12-17 11:57:12', 2, 0, 1),
(445, 10, '2025-12-17 11:57:15', 3, 0, 1),
(446, 11, '2025-12-17 11:57:18', 1, 0, 1),
(447, 12, '2025-12-17 11:57:21', 0, 0, 1),
(448, 13, '2025-12-17 11:57:25', 5, 0, 1),
(449, 14, '2025-12-17 11:57:28', 1, 0, 1),
(450, 15, '2025-12-17 11:57:34', 0, 75, 1),
(451, 16, '2025-12-17 11:57:37', 2, 0, 1),
(452, 17, '2025-12-17 11:57:40', 3, 0, 1),
(453, 18, '2025-12-17 11:57:44', 1, 0, 1),
(454, 19, '2025-12-17 11:57:47', 0, 0, 1),
(455, 20, '2025-12-17 11:57:50', 0, 0, 1),
(456, 21, '2025-12-17 11:57:53', 0, 0, 1),
(457, 22, '2025-12-17 11:57:56', 0, 0, 1),
(458, 23, '2025-12-17 11:58:00', 0, 0, 1),
(459, 24, '2025-12-17 11:58:03', 1, 0, 1),
(460, 25, '2025-12-17 11:58:06', 0, 0, 1),
(461, 26, '2025-12-17 11:58:09', 0, 0, 1),
(462, 27, '2025-12-17 11:58:12', 0, 0, 1),
(463, 28, '2025-12-17 11:58:18', 0, 75, 1),
(464, 29, '2025-12-17 11:58:22', 0, 0, 1),
(465, 30, '2025-12-17 11:58:25', 4, 0, 1),
(466, 32, '2025-12-17 11:58:28', 0, 0, 1),
(467, 33, '2025-12-17 11:58:31', 0, 0, 1),
(468, 34, '2025-12-17 11:58:34', 0, 0, 1),
(469, 36, '2025-12-17 11:58:38', 0, 0, 1),
(470, 37, '2025-12-17 11:58:41', 0, 0, 1),
(471, 38, '2025-12-17 11:58:44', 0, 0, 1),
(472, 39, '2025-12-17 11:58:47', 0, 0, 1),
(473, 40, '2025-12-17 11:58:51', 0, 0, 1),
(474, 41, '2025-12-17 11:58:54', 0, 0, 1),
(475, 42, '2025-12-17 11:59:00', 0, 75, 1),
(476, 43, '2025-12-17 11:59:04', 0, 0, 1),
(477, 44, '2025-12-17 11:59:07', 0, 0, 1),
(478, 45, '2025-12-17 11:59:11', 0, 0, 1),
(479, 47, '2025-12-17 11:59:14', 0, 0, 1),
(480, 48, '2025-12-17 11:59:17', 1, 0, 1),
(481, 49, '2025-12-17 11:59:20', 0, 0, 1),
(482, 50, '2025-12-17 11:59:24', 0, 0, 1),
(483, 1, '2025-12-17 12:09:27', 0, 0, 1),
(484, 2, '2025-12-17 12:09:30', 1, 0, 1),
(485, 3, '2025-12-17 12:09:33', 3, 0, 1),
(486, 4, '2025-12-17 12:09:36', 1, 0, 1),
(487, 5, '2025-12-17 12:09:40', 2, 0, 1),
(488, 6, '2025-12-17 12:09:43', 2, 0, 1),
(489, 7, '2025-12-17 12:09:46', 2, 0, 1),
(490, 8, '2025-12-17 12:09:49', 1, 0, 1),
(491, 9, '2025-12-17 12:09:53', 2, 0, 1),
(492, 10, '2025-12-17 12:09:56', 2, 0, 1),
(493, 11, '2025-12-17 12:09:59', 1, 0, 1),
(494, 12, '2025-12-17 12:10:02', 2, 0, 1),
(495, 13, '2025-12-17 12:10:06', 2, 0, 1),
(496, 14, '2025-12-17 12:10:09', 1, 0, 1),
(497, 15, '2025-12-17 12:10:15', 0, 75, 1),
(498, 16, '2025-12-17 12:10:18', 2, 0, 1),
(499, 17, '2025-12-17 12:10:21', 2, 0, 1),
(500, 18, '2025-12-17 12:10:25', 1, 0, 1),
(501, 19, '2025-12-17 12:10:28', 2, 0, 1),
(502, 20, '2025-12-17 12:10:31', 0, 0, 1),
(503, 21, '2025-12-17 12:10:34', 0, 0, 1),
(504, 22, '2025-12-17 12:10:38', 0, 0, 1),
(505, 23, '2025-12-17 12:10:41', 0, 0, 1),
(506, 24, '2025-12-17 12:10:44', 0, 0, 1),
(507, 25, '2025-12-17 12:10:48', 0, 0, 1),
(508, 26, '2025-12-17 12:10:51', 0, 0, 1),
(509, 27, '2025-12-17 12:10:55', 0, 0, 1),
(510, 28, '2025-12-17 12:11:00', 0, 75, 1),
(511, 29, '2025-12-17 12:11:04', 0, 0, 1),
(512, 30, '2025-12-17 12:11:07', 2, 0, 1),
(513, 32, '2025-12-17 12:11:10', 0, 0, 1),
(514, 33, '2025-12-17 12:11:13', 0, 0, 1),
(515, 34, '2025-12-17 12:11:17', 0, 0, 1),
(516, 36, '2025-12-17 12:11:20', 0, 0, 1),
(517, 37, '2025-12-17 12:11:23', 0, 0, 1),
(518, 38, '2025-12-17 12:11:26', 0, 0, 1),
(519, 39, '2025-12-17 12:11:30', 0, 0, 1),
(520, 40, '2025-12-17 12:11:33', 0, 0, 1),
(521, 41, '2025-12-17 12:11:36', 1, 0, 1),
(522, 42, '2025-12-17 12:11:42', 0, 75, 1),
(523, 43, '2025-12-17 12:11:45', 0, 0, 1),
(524, 44, '2025-12-17 12:11:49', 0, 0, 1),
(525, 45, '2025-12-17 12:11:52', 0, 0, 1),
(526, 47, '2025-12-17 12:11:55', 0, 0, 1),
(527, 48, '2025-12-17 12:11:58', 2, 0, 1),
(528, 49, '2025-12-17 12:12:02', 0, 0, 1),
(529, 50, '2025-12-17 12:12:05', 0, 0, 1),
(530, 1, '2025-12-17 12:22:08', 0, 0, 1),
(531, 2, '2025-12-17 12:22:11', 1, 0, 1),
(532, 3, '2025-12-17 12:22:15', 2, 0, 1),
(533, 4, '2025-12-17 12:22:18', 2, 0, 1),
(534, 5, '2025-12-17 12:22:21', 3, 0, 1),
(535, 6, '2025-12-17 12:22:24', 3, 0, 1),
(536, 7, '2025-12-17 12:22:27', 3, 0, 1),
(537, 8, '2025-12-17 12:22:31', 0, 0, 1),
(538, 9, '2025-12-17 12:22:34', 3, 0, 1),
(539, 10, '2025-12-17 12:22:37', 3, 0, 1),
(540, 11, '2025-12-17 12:22:40', 2, 0, 1),
(541, 12, '2025-12-17 12:22:43', 0, 0, 1),
(542, 13, '2025-12-17 12:22:47', 3, 0, 1),
(543, 14, '2025-12-17 12:22:50', 1, 0, 1),
(544, 15, '2025-12-17 12:22:56', 0, 75, 1),
(545, 16, '2025-12-17 12:22:59', 3, 0, 1),
(546, 17, '2025-12-17 12:23:03', 2, 0, 1),
(547, 18, '2025-12-17 12:23:06', 1, 0, 1),
(548, 19, '2025-12-17 12:23:09', 0, 0, 1),
(549, 20, '2025-12-17 12:23:12', 0, 0, 1),
(550, 21, '2025-12-17 12:23:15', 1, 0, 1),
(551, 22, '2025-12-17 12:23:19', 1, 0, 1),
(552, 23, '2025-12-17 12:23:22', 0, 0, 1),
(553, 24, '2025-12-17 12:23:25', 0, 0, 1),
(554, 25, '2025-12-17 12:23:28', 13, 0, 1),
(555, 26, '2025-12-17 12:23:31', 0, 0, 1),
(556, 27, '2025-12-17 12:23:35', 0, 0, 1),
(557, 28, '2025-12-17 12:23:40', 0, 75, 1),
(558, 29, '2025-12-17 12:23:44', 0, 0, 1),
(559, 30, '2025-12-17 12:23:47', 3, 0, 1),
(560, 32, '2025-12-17 12:23:50', 0, 0, 1),
(561, 33, '2025-12-17 12:23:53', 0, 0, 1),
(562, 34, '2025-12-17 12:23:57', 1, 0, 1),
(563, 36, '2025-12-17 12:24:00', 0, 0, 1),
(564, 37, '2025-12-17 12:24:03', 0, 0, 1),
(565, 38, '2025-12-17 12:24:07', 1, 0, 1),
(566, 39, '2025-12-17 12:24:10', 1, 0, 1),
(567, 40, '2025-12-17 12:24:13', 0, 0, 1),
(568, 41, '2025-12-17 12:24:16', 0, 0, 1),
(569, 42, '2025-12-17 12:24:22', 0, 75, 1),
(570, 43, '2025-12-17 12:24:26', 0, 0, 1),
(571, 44, '2025-12-17 12:24:29', 0, 0, 1),
(572, 45, '2025-12-17 12:24:32', 1, 0, 1),
(573, 47, '2025-12-17 12:24:35', 0, 0, 1),
(574, 48, '2025-12-17 12:24:39', 3, 0, 1),
(575, 49, '2025-12-17 12:24:42', 0, 0, 1),
(576, 50, '2025-12-17 12:24:45', 0, 0, 1);

-- --------------------------------------------------------

--
-- Estructura de tabla para la tabla `tipo`
--

CREATE TABLE `tipo` (
  `id_tipo` int(11) NOT NULL,
  `tipo_dispositivo` varchar(70) NOT NULL
) ENGINE=InnoDB DEFAULT CHARSET=utf8mb4 COLLATE=utf8mb4_general_ci;

--
-- Volcado de datos para la tabla `tipo`
--

INSERT INTO `tipo` (`id_tipo`, `tipo_dispositivo`) VALUES
(1, 'Switch'),
(2, 'AP');

-- --------------------------------------------------------

--
-- Estructura de tabla para la tabla `ubicacion`
--

CREATE TABLE `ubicacion` (
  `id_ubicacion` int(11) NOT NULL,
  `ubicacion` varchar(70) NOT NULL
) ENGINE=InnoDB DEFAULT CHARSET=utf8mb4 COLLATE=utf8mb4_general_ci;

--
-- Volcado de datos para la tabla `ubicacion`
--

INSERT INTO `ubicacion` (`id_ubicacion`, `ubicacion`) VALUES
(1, 'Entrada'),
(2, 'Centro de cómputo'),
(3, 'Vinculación'),
(4, 'Administrativo'),
(5, 'Edificio R'),
(6, 'Edificio Q'),
(7, 'Electrómecanica'),
(8, 'DEPI 1'),
(9, 'DEPI 2'),
(10, 'Biblioteca'),
(11, 'Mantenimiento'),
(12, 'Torre'),
(13, 'Extraescolares'),
(14, 'Caseta'),
(15, 'Edificio O'),
(16, 'Materiales'),
(17, 'Edificio S'),
(18, 'Sindicato'),
(19, 'CESA'),
(20, 'CLE');

--
-- Índices para tablas volcadas
--

--
-- Indices de la tabla `dispositivo`
--
ALTER TABLE `dispositivo`
  ADD PRIMARY KEY (`id_dispositivo`),
  ADD KEY `id_tipo_fk` (`id_tipo_fk`),
  ADD KEY `id_ubicacion_fk` (`id_ubicacion_fk`);

--
-- Indices de la tabla `evento`
--
ALTER TABLE `evento`
  ADD PRIMARY KEY (`id_eveto`),
  ADD KEY `id_dispositivo_fk` (`id_dispositivo_fk`);

--
-- Indices de la tabla `metricas`
--
ALTER TABLE `metricas`
  ADD PRIMARY KEY (`id_metrica`),
  ADD KEY `id_dispositivo_fk` (`id_dispositivo_fk`);

--
-- Indices de la tabla `tipo`
--
ALTER TABLE `tipo`
  ADD PRIMARY KEY (`id_tipo`);

--
-- Indices de la tabla `ubicacion`
--
ALTER TABLE `ubicacion`
  ADD PRIMARY KEY (`id_ubicacion`);

--
-- AUTO_INCREMENT de las tablas volcadas
--

--
-- AUTO_INCREMENT de la tabla `dispositivo`
--
ALTER TABLE `dispositivo`
  MODIFY `id_dispositivo` int(11) NOT NULL AUTO_INCREMENT, AUTO_INCREMENT=51;

--
-- AUTO_INCREMENT de la tabla `evento`
--
ALTER TABLE `evento`
  MODIFY `id_eveto` int(11) NOT NULL AUTO_INCREMENT, AUTO_INCREMENT=577;

--
-- AUTO_INCREMENT de la tabla `metricas`
--
ALTER TABLE `metricas`
  MODIFY `id_metrica` int(11) NOT NULL AUTO_INCREMENT, AUTO_INCREMENT=577;

--
-- AUTO_INCREMENT de la tabla `tipo`
--
ALTER TABLE `tipo`
  MODIFY `id_tipo` int(11) NOT NULL AUTO_INCREMENT, AUTO_INCREMENT=3;

--
-- AUTO_INCREMENT de la tabla `ubicacion`
--
ALTER TABLE `ubicacion`
  MODIFY `id_ubicacion` int(11) NOT NULL AUTO_INCREMENT, AUTO_INCREMENT=21;

--
-- Restricciones para tablas volcadas
--

--
-- Filtros para la tabla `dispositivo`
--
ALTER TABLE `dispositivo`
  ADD CONSTRAINT `dispositivo_ibfk_1` FOREIGN KEY (`id_tipo_fk`) REFERENCES `tipo` (`id_tipo`),
  ADD CONSTRAINT `dispositivo_ibfk_2` FOREIGN KEY (`id_ubicacion_fk`) REFERENCES `ubicacion` (`id_ubicacion`);

--
-- Filtros para la tabla `evento`
--
ALTER TABLE `evento`
  ADD CONSTRAINT `evento_ibfk_1` FOREIGN KEY (`id_dispositivo_fk`) REFERENCES `dispositivo` (`id_dispositivo`);

--
-- Filtros para la tabla `metricas`
--
ALTER TABLE `metricas`
  ADD CONSTRAINT `metricas_ibfk_1` FOREIGN KEY (`id_dispositivo_fk`) REFERENCES `dispositivo` (`id_dispositivo`);
COMMIT;

/*!40101 SET CHARACTER_SET_CLIENT=@OLD_CHARACTER_SET_CLIENT */;
/*!40101 SET CHARACTER_SET_RESULTS=@OLD_CHARACTER_SET_RESULTS */;
/*!40101 SET COLLATION_CONNECTION=@OLD_COLLATION_CONNECTION */;
